{
  "fc_temperature_2m": {
    "mean": 10.985405872193438,
    "std": 7.455045404681929
  },
  "fc_relative_humidity_2m": {
    "mean": 69.41139896373058,
    "std": 17.33674709209971
  },
  "fc_dew_point_2m": {
    "mean": 5.07259067357513,
    "std": 7.355917919616019
  },
  "fc_apparent_temperature": {
    "mean": 9.478134715025906,
    "std": 8.886967715296798
  },
  "fc_precipitation": {
    "mean": 0.0958887545344619,
    "std": 0.677387016970214
  },
  "fc_rain": {
    "mean": 0.0860079461046813,
    "std": 0.6703909992319096
  },
  "fc_snowfall": {
    "mean": 0.0069165659008464326,
    "std": 0.07384594797760466
  },
  "fc_snow_depth": {
    "mean": 0.0,
    "std": 1.0
  },
  "fc_weather_code": {
    "mean": 7.723959233028157,
    "std": 17.577063447649685
  },
  "fc_pressure_msl": {
    "mean": 1015.6747322970639,
    "std": 7.869422482944554
  },
  "fc_surface_pressure": {
    "mean": 949.0005699481864,
    "std": 7.694035398157253
  },
  "fc_cloud_cover": {
    "mean": 55.30656303972366,
    "std": 43.56671359570075
  },
  "fc_cloud_cover_low": {
    "mean": 27.35440414507772,
    "std": 34.74141269737146
  },
  "fc_cloud_cover_mid": {
    "mean": 35.96787564766839,
    "std": 41.860642102181764
  },
  "fc_cloud_cover_high": {
    "mean": 32.144559585492225,
    "std": 43.281648407812696
  },
  "fc_et0_fao_evapotranspiration": {
    "mean": 0.08058071206360179,
    "std": 0.13552130457746495
  },
  "fc_vapour_pressure_deficit": {
    "mean": 0.4857962003454232,
    "std": 0.49512714132822994
  },
  "fc_wind_speed_10m": {
    "mean": 4.836597582037997,
    "std": 3.323890161579874
  },
  "fc_wind_direction_10m": {
    "mean": 199.2770293609672,
    "std": 93.67123813738071
  },
  "fc_wind_gusts_10m": {
    "mean": 11.833575129533678,
    "std": 7.84510780872109
  },
  "fc_shortwave_radiation": {
    "mean": 128.0480470100242,
    "std": 207.7086911287644
  },
  "fc_direct_radiation": {
    "mean": 80.81067541889792,
    "std": 158.3370018914648
  },
  "fc_diffuse_radiation": {
    "mean": 47.195471828551675,
    "std": 67.25110252039889
  },
  "fc_direct_normal_irradiance": {
    "mean": 164.47008118846085,
    "std": 265.0534332427008
  },
  "fc_global_tilted_irradiance": {
    "mean": 127.97718631178707,
    "std": 207.75073114229676
  },
  "fc_terrestrial_radiation": {
    "mean": 244.91637618636753,
    "std": 337.49463589388694
  },
  "fc_cape": {
    "mean": 74.78238341968913,
    "std": 258.3297654455583
  },
  "fc_convective_inhibition": {
    "mean": 2.986701208981002,
    "std": 114.66836224695265
  },
  "fc_freezing_level_height": {
    "mean": 2611.671848013817,
    "std": 1101.501841992782
  },
  "fc_is_day": {
    "mean": 0.46229508196721314,
    "std": 0.49861933563852273
  },
  "hour_sin": {
    "mean": 6.316227847874317e-05,
    "std": 0.7074564651142049
  },
  "hour_cos": {
    "mean": 0.0017905078652083457,
    "std": 0.7068767444492166
  },
  "month_sin": {
    "mean": -0.23965716677694374,
    "std": 0.6827249691217077
  },
  "month_cos": {
    "mean": 0.3221221491205499,
    "std": 0.610600647520746
  },
  "doy_sin": {
    "mean": -0.3169533937176327,
    "std": 0.6091694366610161
  },
  "doy_cos": {
    "mean": 0.2551429987443334,
    "std": 0.6808077645256823
  }
}